{
    "camera_data": {
        "camera_look_at": {
            "at": [
                1.0,
                0.0,
                0.0
            ],
            "eye": [
                0.0,
                0.0,
                0.0
            ],
            "up": [
                0.0,
                0.0,
                1.0
            ]
        },
        "camera_view_matrix": [
            [
                0.0,
                0.0,
                1.0,
                0.0
            ],
            [
                -1.0,
                0.0,
                0.0,
                0.0
            ],
            [
                0.0,
                -1.0,
                0.0,
                0.0
            ],
            [
                0.0,
                0.0,
                0.0,
                1.0
            ]
        ],
        "height": 480,
        "intrinsics": {
            "cx": 320.0,
            "cy": 240.0,
            "fx": 579.411376953125,
            "fy": 579.411376953125
        },
        "location_worldframe": [
            -0.0,
            0.0,
            -0.0
        ],
        "quaternion_xyzw_worldframe": [
            -0.5,
            0.5,
            -0.5,
            0.5
        ],
        "width": 640
    },
    "objects": [
        {
            "bounding_box_minx_maxx_miny_maxy": [
                445,
                639,
                1,
                224
            ],
            "class": "Olive_Kids_Birdie_Lunch_Box",
            "local_cuboid": null,
            "local_to_world_matrix": [
                [
                    0.7439078092575073,
                    0.23774944245815277,
                    -0.6245608925819397,
                    -0.0
                ],
                [
                    0.4296978712081909,
                    -0.8859391212463379,
                    0.17456117272377014,
                    0.0
                ],
                [
                    -0.5118210911750793,
                    -0.3982298970222473,
                    -0.7612175345420837,
                    0.0
                ],
                [
                    0.3787326514720917,
                    -0.15112340450286865,
                    0.23234423995018005,
                    1.0
                ]
            ],
            "location": [
                0.15112340450286865,
                -0.23234423995018005,
                0.3787326514720917
            ],
            "location_worldframe": [
                0.3787326514720917,
                -0.15112340450286865,
                0.23234423995018005
            ],
            "name": "google_Olive_Kids_Birdie_Lunch_Box_2",
            "projected_cuboid": [
                [
                    584.4216918945312,
                    279.25329208374023
                ],
                [
                    1190.6108093261719,
                    -323.7037467956543
                ],
                [
                    1265.4169464111328,
                    -247.90037155151367
                ],
                [
                    689.8532104492188,
                    248.12521934509277
                ],
                [
                    412.34291076660156,
                    62.4839973449707
                ],
                [
                    626.8990707397461,
                    -450.8449172973633
                ],
                [
                    757.2623443603516,
                    -383.95883560180664
                ],
                [
                    509.88014221191406,
                    57.363667488098145
                ],
                [
                    664.8580932617188,
                    -29.391632080078125
                ]
            ],
            "provenance": "nvisii",
            "px_count_all": 0,
            "px_count_visib": 0,
            "quaternion_xyzw": [
                0.6017957925796509,
                0.6274968981742859,
                0.4744706153869629,
                -0.1377209573984146
            ],
            "quaternion_xyzw_worldframe": [
                0.9207421541213989,
                0.18122537434101105,
                -0.30855056643486023,
                0.15552429854869843
            ],
            "segmentation_id": 3,
            "visibility": 1
        },
        {
            "bounding_box_minx_maxx_miny_maxy": [
                0,
                190,
                1,
                480
            ],
            "class": "0",
            "local_cuboid": null,
            "local_to_world_matrix": [
                [
                    0.0038724676705896854,
                    0.003344412427395582,
                    -0.008591792546212673,
                    -0.0
                ],
                [
                    -0.008756695315241814,
                    -0.0015820445260033011,
                    -0.004562613554298878,
                    0.0
                ],
                [
                    -0.0028851868119090796,
                    0.009290427900850773,
                    0.002315957099199295,
                    -0.0
                ],
                [
                    0.8278132081031799,
                    0.4409584403038025,
                    0.16555209457874298,
                    1.0
                ]
            ],
            "location": [
                -0.4409584403038025,
                -0.16555209457874298,
                0.8278132081031799
            ],
            "location_worldframe": [
                0.8278132081031799,
                0.4409584403038025,
                0.16555209457874298
            ],
            "name": "BBQSauce_0",
            "projected_cuboid": [
                [
                    -6.7749786376953125,
                    135.89764595031738
                ],
                [
                    26.928253173828125,
                    -133.84838104248047
                ],
                [
                    25816.00341796875,
                    9715.486450195312
                ],
                [
                    -1204.7615051269531,
                    1202.816162109375
                ],
                [
                    158.4031105041504,
                    178.7797737121582
                ],
                [
                    218.3383560180664,
                    -59.46332931518555
                ],
                [
                    252.15274810791016,
                    -32.18951225280762
                ],
                [
                    -43.44947814941406,
                    1032.3371887207031
                ],
                [
                    11.359920501708984,
                    124.12510871887207
                ]
            ],
            "provenance": "nvisii",
            "px_count_all": 0,
            "px_count_visib": 0,
            "quaternion_xyzw": [
                0.24267810583114624,
                -0.2556253969669342,
                0.2515615224838257,
                0.25243550539016724
            ],
            "quaternion_xyzw_worldframe": [
                -0.006910623051226139,
                0.0028467539232224226,
                0.006036666687577963,
                0.5011502504348755
            ],
            "segmentation_id": 6,
            "visibility": 1
        },
        {
            "bounding_box_minx_maxx_miny_maxy": [
                153,
                454,
                1,
                242
            ],
            "class": "1",
            "local_cuboid": null,