{
    "camera_data": {
        "camera_look_at": {
            "at": [
                1.0,
                0.0,
                0.0
            ],
            "eye": [
                0.0,
                0.0,
                0.0
            ],
            "up": [
                0.0,
                0.0,
                1.0
            ]
        },
        "camera_view_matrix": [
            [
                0.0,
                0.0,
                1.0,
                0.0
            ],
            [
                -1.0,
                0.0,
                0.0,
                0.0
            ],
            [
                0.0,
                -1.0,
                0.0,
                0.0
            ],
            [
                0.0,
                0.0,
                0.0,
                1.0
            ]
        ],
        "height": 480,
        "intrinsics": {
            "cx": 320.0,
            "cy": 240.0,
            "fx": 579.411376953125,
            "fy": 579.411376953125
        },
        "location_worldframe": [
            -0.0,
            0.0,
            -0.0
        ],
        "quaternion_xyzw_worldframe": [
            -0.5,
            0.5,
            -0.5,
            0.5
        ],
        "width": 640
    },
    "objects": [
        {
            "bounding_box_minx_maxx_miny_maxy": [
                385,
                639,
                104,
                476
            ],
            "class": "Olive_Kids_Birdie_Lunch_Box",
            "local_cuboid": null,
            "local_to_world_matrix": [
                [
                    0.505023717880249,
                    0.48687419295310974,
                    0.7126744389533997,
                    -0.0
                ],
                [
                    0.8619076013565063,
                    -0.32797566056251526,
                    -0.3867137134075165,
                    0.0
                ],
                [
                    0.04545886442065239,
                    0.8095590472221375,
                    -0.5852759480476379,
                    -0.0
                ],
                [
                    0.449479877948761,
                    -0.2758561074733734,
                    0.02416824735701084,
                    1.0
                ]
            ],
            "location": [
                0.2758561074733734,
                -0.02416824735701084,
                0.449479877948761
            ],
            "location_worldframe": [
                0.449479877948761,
                -0.2758561074733734,
                0.02416824735701084
            ],
            "name": "google_Olive_Kids_Birdie_Lunch_Box_2",
            "projected_cuboid": [
                [
                    344.14356231689453,
                    222.46325969696045
                ],
                [
                    570.9718704223633,
                    533.906421661377
                ],
                [
                    564.7556686401367,
                    526.9872665405273
                ],
                [
                    374.69947814941406,
                    265.651216506958
                ],
                [
                    557.6584625244141,
                    68.09955596923828
                ],
                [
                    876.5585327148438,
                    326.7239284515381
                ],
                [
                    806.4773559570312,
                    362.84923553466797
                ],
                [
                    554.9384307861328,
                    136.4791202545166
                ],
                [
                    561.064567565918,
                    288.33051681518555
                ]
            ],
            "provenance": "nvisii",
            "px_count_all": 0,
            "px_count_visib": 0,
            "quaternion_xyzw": [
                -0.14226150512695312,
                0.6760416030883789,
                0.5351680517196655,
                -0.48613232374191284
            ],
            "quaternion_xyzw_worldframe": [
                0.7775402665138245,
                0.43366944789886475,
                0.2437601387500763,
                -0.3846336901187897
            ],
            "segmentation_id": 3,
            "visibility": 1
        },
        {
            "bounding_box_minx_maxx_miny_maxy": [
                0,
                188,
                1,
                480
            ],
            "class": "0",
            "local_cuboid": null,
            "local_to_world_matrix": [
                [
                    0.00407650088891387,
                    0.003090650774538517,
                    -0.008592440746724606,
                    -0.0
                ],
                [
                    -0.008688912726938725,
                    -0.0015807320596650243,
                    -0.004690850619226694,
                    0.0
                ],
                [
                    -0.0028080125339329243,
                    0.009378123097121716,
                    0.002041053958237171,
                    -0.0
                ],
                [
                    0.8245753049850464,
                    0.44213736057281494,
                    0.15694564580917358,
                    1.0
                ]
            ],
            "location": [
                -0.44213736057281494,
                -0.15694564580917358,
                0.8245753049850464
            ],
            "location_worldframe": [
                0.8245753049850464,
                0.44213736057281494,
                0.15694564580917358
            ],
            "name": "BBQSauce_0",
            "projected_cuboid": [
                [
                    -4.811973571777344,
                    137.81471729278564
                ],
                [
                    18.82162094116211,
                    -135.41616439819336
                ],
                [
                    20019.510498046875,
                    6261.2841796875
                ],
                [
                    -1132.022705078125,
                    1219.9008178710938
                ],
                [
                    161.224365234375,
                    176.2646484375
                ],
                [
                    214.0798568725586,
                    -65.8644962310791
                ],
                [
                    208.06818008422852,
                    15.839681625366211
                ],
                [
                    -23.195877075195312,
                    1036.9869232177734
                ],
                [
                    9.319572448730469,
                    129.71766471862793
                ]
            ],
            "provenance": "nvisii",
            "px_count_all": 0,
            "px_count_visib": 0,
            "quaternion_xyzw": [
                0.24267609417438507,
                -0.2555711567401886,
                0.2514382600784302,
                0.25258034467697144
            ],
            "quaternion_xyzw_worldframe": [
                -0.007018584292382002,
                0.0028856757562607527,
                0.005876466631889343,
                0.5011329054832458
            ],
            "segmentation_id": 6,
            "visibility": 1
        },
        {
            "bounding_box_minx_maxx_miny_maxy": [
                154,
                452,
                1,
                247
            ],
            "class": "1",
            "local_cuboid": null,