{
    "camera_data": {
        "camera_look_at": {
            "at": [
                1.0,
                0.0,
                0.0
            ],
            "eye": [
                0.0,
                0.0,
                0.0
            ],
            "up": [
                0.0,
                0.0,
                1.0
            ]
        },
        "camera_view_matrix": [
            [
                0.0,
                0.0,
                1.0,
                0.0
            ],
            [
                -1.0,
                0.0,
                0.0,
                0.0
            ],
            [
                0.0,
                -1.0,
                0.0,
                0.0
            ],
            [
                0.0,
                0.0,
                0.0,
                1.0
            ]
        ],
        "height": 480,
        "intrinsics": {
            "cx": 320.0,
            "cy": 240.0,
            "fx": 579.411376953125,
            "fy": 579.411376953125
        },
        "location_worldframe": [
            -0.0,
            0.0,
            -0.0
        ],
        "quaternion_xyzw_worldframe": [
            -0.5,
            0.5,
            -0.5,
            0.5
        ],
        "width": 640
    },
    "objects": [
        {
            "bounding_box_minx_maxx_miny_maxy": [
                586,
                639,
                1,
                71
            ],
            "class": "Olive_Kids_Birdie_Lunch_Box",
            "local_cuboid": null,
            "local_to_world_matrix": [
                [
                    0.07540442794561386,
                    0.5651740431785583,
                    0.8215184807777405,
                    -0.0
                ],
                [
                    -0.8167023658752441,
                    0.5076919198036194,
                    -0.2743107080459595,
                    0.0
                ],
                [
                    -0.5721115469932556,
                    -0.6502517461776733,
                    0.4998611509799957,
                    -0.0
                ],
                [
                    0.4107035994529724,
                    -0.1931970864534378,
                    0.16400398313999176,
                    1.0
                ]
            ],
            "location": [
                0.1931970864534378,
                -0.16400398313999176,
                0.4107035994529724
            ],
            "location_worldframe": [
                0.4107035994529724,
                -0.1931970864534378,
                0.16400398313999176
            ],
            "name": "google_Olive_Kids_Birdie_Lunch_Box_2",
            "projected_cuboid": [
                [
                    801.39892578125,
                    -431.30550384521484
                ],
                [
                    1103.9010620117188,
                    -77.56979942321777
                ],
                [
                    1254.1546630859375,
                    -121.17213249206543
                ],
                [
                    841.0177612304688,
                    -587.1110343933105
                ],
                [
                    500.2420425415039,
                    -120.21597862243652
                ],
                [
                    705.5317687988281,
                    149.94604110717773
                ],
                [
                    711.4576721191406,
                    174.38913345336914
                ],
                [
                    460.40626525878906,
                    -156.87807083129883
                ],
                [
                    755.2524566650391,
                    -120.5394172668457
                ]
            ],
            "provenance": "nvisii",
            "px_count_all": 0,
            "px_count_visib": 0,
            "quaternion_xyzw": [
                0.4279680848121643,
                -0.7764657735824585,
                0.4238961935043335,
                -0.1850845366716385
            ],
            "quaternion_xyzw_worldframe": [
                0.1302415281534195,
                -0.4828111231327057,
                0.4787392020225525,
                0.7216227650642395
            ],
            "segmentation_id": 3,
            "visibility": 1
        },
        {
            "bounding_box_minx_maxx_miny_maxy": [
                0,
                189,
                1,
                480
            ],
            "class": "0",
            "local_cuboid": null,
            "local_to_world_matrix": [
                [
                    0.003916224464774132,
                    0.003285671817138791,
                    -0.008594623766839504,
                    -0.0
                ],
                [
                    -0.008738144300878048,
                    -0.0015979931922629476,
                    -0.004592524375766516,
                    0.0
                ],
                [
                    -0.002882365370169282,
                    0.009308641776442528,
                    0.002245256444439292,
                    -0.0
                ],
                [
                    0.8269266486167908,
                    0.44100266695022583,
                    0.1634342521429062,
                    0.9999999403953552
                ]
            ],
            "location": [
                -0.44100266695022583,
                -0.1634342521429062,
                0.8269266486167908
            ],
            "location_worldframe": [
                0.8269266486167908,
                0.44100266695022583,
                0.1634342521429062
            ],
            "name": "BBQSauce_0",
            "projected_cuboid": [
                [
                    -6.8384552001953125,
                    136.41972541809082
                ],
                [
                    24.517440795898438,
                    -134.29335594177246
                ],
                [
                    23753.96728515625,
                    8601.4892578125
                ],
                [
                    -1186.1189270019531,
                    1209.2603302001953
                ],
                [
                    158.6863136291504,
                    178.20805549621582
                ],
                [
                    216.94839477539062,
                    -60.966482162475586
                ],
                [
                    249.73785400390625,
                    -20.878629684448242
                ],
                [
                    -36.22711181640625,
                    1032.9226684570312
                ],
                [
                    10.998058319091797,
                    125.48480987548828
                ]
            ],
            "provenance": "nvisii",
            "px_count_all": 0,
            "px_count_visib": 0,
            "quaternion_xyzw": [
                0.2426784634590149,
                -0.25561147928237915,
                0.2515263557434082,
                0.25246286392211914
            ],
            "quaternion_xyzw_worldframe": [
                -0.006934777833521366,
                0.0028496345039457083,
                0.005998237058520317,
                0.5011395812034607
            ],
            "segmentation_id": 6,
            "visibility": 1
        },
        {
            "bounding_box_minx_maxx_miny_maxy": [
                153,
                453,
                1,
                243
            ],
            "class": "1",
            "local_cuboid": null,