{
    "camera_data": {
        "camera_look_at": {
            "at": [
                1.0,
                0.0,
                0.0
            ],
            "eye": [
                0.0,
                0.0,
                0.0
            ],
            "up": [
                0.0,
                0.0,
                1.0
            ]
        },
        "camera_view_matrix": [
            [
                0.0,
                0.0,
                1.0,
                0.0
            ],
            [
                -1.0,
                0.0,
                0.0,
                0.0
            ],
            [
                0.0,
                -1.0,
                0.0,
                0.0
            ],
            [
                0.0,
                0.0,
                0.0,
                1.0
            ]
        ],
        "height": 480,
        "intrinsics": {
            "cx": 320.0,
            "cy": 240.0,
            "fx": 579.411376953125,
            "fy": 579.411376953125
        },
        "location_worldframe": [
            -0.0,
            0.0,
            -0.0
        ],
        "quaternion_xyzw_worldframe": [
            -0.5,
            0.5,
            -0.5,
            0.5
        ],
        "width": 640
    },
    "objects": [
        {
            "bounding_box_minx_maxx_miny_maxy": [
                432,
                639,
                128,
                444
            ],
            "class": "Olive_Kids_Birdie_Lunch_Box",
            "local_cuboid": null,
            "local_to_world_matrix": [
                [
                    0.31023192405700684,
                    -0.17866352200508118,
                    -0.9337213039398193,
                    -0.0
                ],
                [
                    -0.8439211845397949,
                    0.400421679019928,
                    -0.3570145070552826,
                    0.0
                ],
                [
                    0.43766772747039795,
                    0.898744523525238,
                    -0.026554342359304428,
                    -0.0
                ],
                [
                    0.46059611439704895,
                    -0.3102335035800934,
                    -0.03726379573345184,
                    1.0
                ]
            ],
            "location": [
                0.3102335035800934,
                0.03726379573345184,
                0.46059611439704895
            ],
            "location_worldframe": [
                0.46059611439704895,
                -0.3102335035800934,
                -0.03726379573345184
            ],
            "name": "google_Olive_Kids_Birdie_Lunch_Box_2",
            "projected_cuboid": [
                [
                    467.2918701171875,
                    374.910249710083
                ],
                [
                    439.5876693725586,
                    135.7627773284912
                ],
                [
                    410.91064453125,
                    161.77167892456055
                ],
                [
                    447.2572326660156,
                    434.56655502319336
                ],
                [
                    696.6292572021484,
                    392.02016830444336
                ],
                [
                    704.3025970458984,
                    107.582688331604
                ],
                [
                    729.5211791992188,
                    133.56505393981934
                ],
                [
                    715.85205078125,
                    467.0760726928711
                ],
                [
                    564.4426345825195,
                    285.4966163635254
                ]
            ],
            "provenance": "nvisii",
            "px_count_all": 0,
            "px_count_visib": 0,
            "quaternion_xyzw": [
                -0.3098311126232147,
                -0.43031471967697144,
                0.47486573457717896,
                0.7023791074752808
            ],
            "quaternion_xyzw_worldframe": [
                -0.48382964730262756,
                0.5283805727958679,
                0.256316214799881,
                0.648864209651947
            ],
            "segmentation_id": 3,
            "visibility": 1
        },
        {
            "bounding_box_minx_maxx_miny_maxy": [
                0,
                188,
                1,
                480
            ],
            "class": "0",
            "local_cuboid": null,
            "local_to_world_matrix": [
                [
                    0.004101968370378017,
                    0.003058644011616707,
                    -0.008591770194470882,
                    -0.0
                ],
                [
                    -0.008681130595505238,
                    -0.0015776519430801272,
                    -0.004706270061433315,
                    0.0
                ],
                [
                    -0.002794963540509343,
                    0.009389125742018223,
                    0.0020081005059182644,
                    -0.0
                ],
                [
                    0.8244619369506836,
                    0.44237643480300903,
                    0.1558961123228073,
                    1.0
                ]
            ],
            "location": [
                -0.44237643480300903,
                -0.1558961123228073,
                0.8244619369506836
            ],
            "location_worldframe": [
                0.8244619369506836,
                0.44237643480300903,
                0.1558961123228073
            ],
            "name": "BBQSauce_0",
            "projected_cuboid": [
                [
                    -4.4290924072265625,
                    138.06833267211914
                ],
                [
                    17.947540283203125,
                    -135.48565864562988
                ],
                [
                    19982.073974609375,
                    6091.717987060547
                ],
                [
                    -1122.2358703613281,
                    1220.4321670532227
                ],
                [
                    161.65027618408203,
                    175.9687328338623
                ],
                [
                    213.60919952392578,
                    -66.58535957336426
                ],
                [
                    200.6848907470703,
                    22.492761611938477
                ],
                [
                    -21.026229858398438,
                    1037.1029663085938
                ],
                [
                    9.108848571777344,
                    130.4400873184204
                ]
            ],
            "provenance": "nvisii",
            "px_count_all": 0,
            "px_count_visib": 0,
            "quaternion_xyzw": [
                0.24267578125,
                -0.2555641829967499,
                0.25142425298690796,
                0.25259941816329956
            ],
            "quaternion_xyzw_worldframe": [
                -0.007031780201941729,
                0.0028918571770191193,
                0.005856629926711321,
                0.5011318325996399
            ],
            "segmentation_id": 6,
            "visibility": 1
        },
        {
            "bounding_box_minx_maxx_miny_maxy": [
                154,
                452,
                1,
                248
            ],
            "class": "1",
            "local_cuboid": null,