{
    "camera_data": {
        "camera_look_at": {
            "at": [
                1.0,
                0.0,
                0.0
            ],
            "eye": [
                0.0,
                0.0,
                0.0
            ],
            "up": [
                0.0,
                0.0,
                1.0
            ]
        },
        "camera_view_matrix": [
            [
                0.0,
                0.0,
                1.0,
                0.0
            ],
            [
                -1.0,
                0.0,
                0.0,
                0.0
            ],
            [
                0.0,
                -1.0,
                0.0,
                0.0
            ],
            [
                0.0,
                0.0,
                0.0,
                1.0
            ]
        ],
        "height": 480,
        "intrinsics": {
            "cx": 320.0,
            "cy": 240.0,
            "fx": 579.411376953125,
            "fy": 579.411376953125
        },
        "location_worldframe": [
            -0.0,
            0.0,
            -0.0
        ],
        "quaternion_xyzw_worldframe": [
            -0.5,
            0.5,
            -0.5,
            0.5
        ],
        "width": 640
    },
    "objects": [
        {
            "bounding_box_minx_maxx_miny_maxy": [
                0,
                252,
                1,
                467
            ],
            "class": "Logitech_Ultimate_Ears_Boom_Wireless_Speaker_Night_Black",
            "local_cuboid": null,
            "local_to_world_matrix": [
                [
                    -0.48395615816116333,
                    -0.5139790177345276,
                    0.7082463502883911,
                    -0.0
                ],
                [
                    0.8290349841117859,
                    -0.528394341468811,
                    0.18303349614143372,
                    0.0
                ],
                [
                    0.28015777468681335,
                    0.6757410168647766,
                    0.681825578212738,
                    -0.0
                ],
                [
                    0.166462704539299,
                    0.057176463305950165,
                    -0.031139474362134933,
                    1.0
                ]
            ],
            "location": [
                -0.057176463305950165,
                0.031139474362134933,
                0.166462704539299
            ],
            "location_worldframe": [
                0.166462704539299,
                0.057176463305950165,
                -0.031139474362134933
            ],
            "name": "google_Logitech_Ultimate_Ears_Boom_Wireless_Speaker_Night_Black_4",
            "projected_cuboid": [
                [
                    -472.47413635253906,
                    -352.1879196166992
                ],
                [
                    -431.607666015625,
                    -19.908428192138672
                ],
                [
                    -118.05950164794922,
                    17.012014389038086
                ],
                [
                    -82.72258758544922,
                    -196.43531799316406
                ],
                [
                    -20.477943420410156,
                    258.8261032104492
                ],
                [
                    -114.98832702636719,
                    543.8975143432617
                ],
                [
                    179.8457145690918,
                    385.6010627746582
                ],
                [
                    312.15293884277344,
                    190.05343437194824
                ],
                [
                    -94.56283569335938,
                    75.2385663986206
                ]
            ],
            "provenance": "nvisii",
            "px_count_all": 0,
            "px_count_visib": 0,
            "quaternion_xyzw": [
                -0.5951586365699768,
                0.07554799318313599,
                0.48713773488998413,
                -0.6346462965011597
            ],
            "quaternion_xyzw_worldframe": [
                0.3010866940021515,
                0.261599063873291,
                0.8206973075866699,
                -0.40910759568214417
            ],
            "segmentation_id": 5,
            "visibility": 1
        },
        {
            "bounding_box_minx_maxx_miny_maxy": [
                0,
                190,
                1,
                480
            ],
            "class": "0",
            "local_cuboid": null,
            "local_to_world_matrix": [
                [
                    0.0038849273696541786,
                    0.0033053383231163025,
                    -0.008601282723248005,
                    -0.0
                ],
                [
                    -0.008756141178309917,
                    -0.0015832019271329045,
                    -0.004563272465020418,
                    0.0
                ],
                [
                    -0.0028700728435069323,
                    0.00930420309305191,
                    0.0022791388910263777,
                    -0.0
                ],
                [
                    0.8275035619735718,
                    0.44089874625205994,
                    0.1653827428817749,
                    1.0
                ]
            ],
            "location": [
                -0.44089874625205994,
                -0.1653827428817749,
                0.8275035619735718
            ],
            "location_worldframe": [
                0.8275035619735718,
                0.44089874625205994,
                0.1653827428817749
            ],
            "name": "BBQSauce_0",
            "projected_cuboid": [
                [
                    -6.341590881347656,
                    136.38525009155273
                ],
                [
                    26.117706298828125,
                    -133.69545936584473
                ],
                [
                    25011.06689453125,
                    9343.346557617188
                ],
                [
                    -1199.1744995117188,
                    1204.1522598266602
                ],
                [
                    158.91084671020508,
                    178.6397123336792
                ],
                [
                    217.85507202148438,
                    -60.096845626831055
                ],
                [
                    247.44104385375977,
                    -39.03694152832031
                ],
                [
                    -40.939483642578125,
                    1032.3219680786133
                ],
                [
                    11.286239624023438,
                    124.20032501220703
                ]
            ],
            "provenance": "nvisii",
            "px_count_all": 0,
            "px_count_visib": 0,
            "quaternion_xyzw": [
                0.24267499148845673,
                -0.2556098699569702,
                0.2515510320663452,
                0.25245195627212524
            ],
            "quaternion_xyzw_worldframe": [
                -0.006917910650372505,
                0.0028590639121830463,
                0.006016973871737719,
                0.5011439323425293
            ],
            "segmentation_id": 6,
            "visibility": 1
        },
        {
            "bounding_box_minx_maxx_miny_maxy": [
                167,
                454,
                1,
                242
            ],
            "class": "1",
            "local_cuboid": null,