{
    "camera_data": {
        "camera_look_at": {
            "at": [
                1.0,
                0.0,
                0.0
            ],
            "eye": [
                0.0,
                0.0,
                0.0
            ],
            "up": [
                0.0,
                0.0,
                1.0
            ]
        },
        "camera_view_matrix": [
            [
                0.0,
                0.0,
                1.0,
                0.0
            ],
            [
                -1.0,
                0.0,
                0.0,
                0.0
            ],
            [
                0.0,
                -1.0,
                0.0,
                0.0
            ],
            [
                0.0,
                0.0,
                0.0,
                1.0
            ]
        ],
        "height": 480,
        "intrinsics": {
            "cx": 320.0,
            "cy": 240.0,
            "fx": 579.411376953125,
            "fy": 579.411376953125
        },
        "location_worldframe": [
            -0.0,
            0.0,
            -0.0
        ],
        "quaternion_xyzw_worldframe": [
            -0.5,
            0.5,
            -0.5,
            0.5
        ],
        "width": 640
    },
    "objects": [
        {
            "bounding_box_minx_maxx_miny_maxy": [
                0,
                208,
                1,
                148
            ],
            "class": "Office_Depot_HP_71_Remanufactured_Ink_Cartridge_Black",
            "local_cuboid": null,
            "local_to_world_matrix": [
                [
                    0.6626164317131042,
                    0.45058104395866394,
                    0.5982609391212463,
                    -0.0
                ],
                [
                    -0.48047488927841187,
                    -0.35701969265937805,
                    0.8010498285293579,
                    0.0
                ],
                [
                    0.5745288133621216,
                    -0.8182381391525269,
                    -0.020074233412742615,
                    -0.0
                ],
                [
                    0.3291502594947815,
                    0.18996231257915497,
                    0.10430286824703217,
                    1.0
                ]
            ],
            "location": [
                -0.18996231257915497,
                -0.10430286824703217,
                0.3291502594947815
            ],
            "location_worldframe": [
                0.3291502594947815,
                0.18996231257915497,
                0.10430286824703217
            ],
            "name": "google_Office_Depot_HP_71_Remanufactured_Ink_Cartridge_Black_0",
            "projected_cuboid": [
                [
                    157.92890548706055,
                    97.605299949646
                ],
                [
                    192.6805877685547,
                    154.65442657470703
                ],
                [
                    213.31476211547852,
                    83.10924053192139
                ],
                [
                    173.67786407470703,
                    32.583489418029785
                ],
                [
                    -22.206497192382812,
                    67.93018341064453
                ],
                [
                    -12.771720886230469,
                    131.8791103363037
                ],
                [
                    -4.563331604003906,
                    41.69398784637451
                ],
                [
                    -16.013145446777344,
                    -11.868066787719727
                ],
                [
                    93.32523345947266,
                    75.37605285644531
                ]
            ],
            "provenance": "nvisii",
            "px_count_all": 0,
            "px_count_visib": 0,
            "quaternion_xyzw": [
                0.44043728709220886,
                -0.13693276047706604,
                0.8405592441558838,
                -0.2841205894947052
            ],
            "quaternion_xyzw_worldframe": [
                0.7140921950340271,
                -0.010465681552886963,
                0.4105876684188843,
                0.5669043660163879
            ],
            "segmentation_id": 1,
            "visibility": 1
        },
        {
            "bounding_box_minx_maxx_miny_maxy": [
                0,
                225,
                1,
                480
            ],
            "class": "0",
            "local_cuboid": null,
            "local_to_world_matrix": [
                [
                    0.0050339954905211926,
                    -0.004477818962186575,
                    -0.007389723788946867,
                    -0.0
                ],
                [
                    -0.008535018190741539,
                    -0.0012444283347576857,
                    -0.005060124676674604,
                    0.0
                ],
                [
                    0.0013462339993566275,
                    0.008854408748447895,
                    -0.004448271822184324,
                    -0.0
                ],
                [
                    0.8242899775505066,
                    0.40663835406303406,
                    0.1343056708574295,
                    1.0
                ]
            ],
            "location": [
                -0.40663835406303406,
                -0.1343056708574295,
                0.8242899775505066
            ],
            "location_worldframe": [
                0.8242899775505066,
                0.40663835406303406,
                0.1343056708574295
            ],
            "name": "BBQSauce_0",
            "projected_cuboid": [
                [
                    127.92625427246094,
                    178.84301662445068
                ],
                [
                    -45.94291687011719,
                    -45.22132873535156
                ],
                [
                    -6202.034912109375,
                    1229.7296905517578
                ],
                [
                    -227.4980926513672,
                    1111.5751647949219
                ],
                [
                    261.0885238647461,
                    106.14396572113037
                ],
                [
                    113.41642379760742,
                    -146.97855949401855
                ],
                [
                    237648.984375,
                    84408.09814453125
                ],
                [
                    360.7756805419922,
                    923.5705947875977
                ],
                [
                    34.16505813598633,
                    145.59362411499023
                ]
            ],
            "provenance": "nvisii",
            "px_count_all": 0,
            "px_count_visib": 0,
            "quaternion_xyzw": [
                0.25261586904525757,
                0.2530643343925476,
                0.2431384027004242,
                -0.2565304636955261
            ],
            "quaternion_xyzw_worldframe": [
                0.5026745200157166,
                -0.006471800617873669,
                -0.0030056675896048546,
                -0.006920249667018652
            ],
            "segmentation_id": 6,
            "visibility": 1
        },
        {
            "bounding_box_minx_maxx_miny_maxy": [
                197,
                430,
                1,
                268
            ],
            "class": "1",
            "local_cuboid": null,