{
    "camera_data": {
        "camera_look_at": {
            "at": [
                1.0,
                0.0,
                0.0
            ],
            "eye": [
                0.0,
                0.0,
                0.0
            ],
            "up": [
                0.0,
                0.0,
                1.0
            ]
        },
        "camera_view_matrix": [
            [
                0.0,
                0.0,
                1.0,
                0.0
            ],
            [
                -1.0,
                0.0,
                0.0,
                0.0
            ],
            [
                0.0,
                -1.0,
                0.0,
                0.0
            ],
            [
                0.0,
                0.0,
                0.0,
                1.0
            ]
        ],
        "height": 480,
        "intrinsics": {
            "cx": 320.0,
            "cy": 240.0,
            "fx": 579.411376953125,
            "fy": 579.411376953125
        },
        "location_worldframe": [
            -0.0,
            0.0,
            -0.0
        ],
        "quaternion_xyzw_worldframe": [
            -0.5,
            0.5,
            -0.5,
            0.5
        ],
        "width": 640
    },
    "objects": [
        {
            "bounding_box_minx_maxx_miny_maxy": [
                0,
                190,
                1,
                480
            ],
            "class": "0",
            "local_cuboid": null,
            "local_to_world_matrix": [
                [
                    0.0039023759309202433,
                    0.003268216038122773,
                    -0.00860756728798151,
                    -0.0
                ],
                [
                    -0.008753855712711811,
                    -0.0015802105190232396,
                    -0.004568690899759531,
                    0.0
                ],
                [
                    -0.0028533239383250475,
                    0.00931781530380249,
                    0.002244291827082634,
                    -0.0
                ],
                [
                    0.8272716403007507,
                    0.441021203994751,
                    0.16501879692077637,
                    0.9999999403953552
                ]
            ],
            "location": [
                -0.441021203994751,
                -0.16501879692077637,
                0.8272716403007507
            ],
            "location_worldframe": [
                0.8272716403007507,
                0.441021203994751,
                0.16501879692077637
            ],
            "name": "BBQSauce_0",
            "projected_cuboid": [
                [
                    -5.852851867675781,
                    136.7676830291748
                ],
                [
                    25.35268783569336,
                    -133.63755226135254
                ],
                [
                    24475.25390625,
                    9031.065673828125
                ],
                [
                    -1192.4052429199219,
                    1204.8370742797852
                ],
                [
                    159.4464874267578,
                    178.42607975006104
                ],
                [
                    217.4289894104004,
                    -60.78895568847656
                ],
                [
                    240.46579360961914,
                    -42.4526309967041
                ],
                [
                    -38.98246765136719,
                    1032.359275817871
                ],
                [
                    11.113929748535156,
                    124.42276954650879
                ]
            ],
            "provenance": "nvisii",
            "px_count_all": 0,
            "px_count_visib": 0,
            "quaternion_xyzw": [
                0.24267244338989258,
                -0.2555972635746002,
                0.2515403926372528,
                0.252470463514328
            ],
            "quaternion_xyzw_worldframe": [
                -0.00692745391279459,
                0.0028705750592052937,
                0.005997358355671167,
                0.501140296459198
            ],
            "segmentation_id": 6,
            "visibility": 1
        },
        {
            "bounding_box_minx_maxx_miny_maxy": [
                154,
                454,
                1,
                242
            ],
            "class": "1",
            "local_cuboid": null,
            "local_to_world_matrix": [
                [
                    9.76194569375366e-05,
                    0.009998748078942299,
                    -0.00012444549065548927,
                    -0.0
                ],
                [
                    -5.620157389785163e-05,
                    0.0001249978377018124,
                    0.009999060072004795,
                    0.0
                ],
                [
                    0.009999364614486694,
                    -9.691072045825422e-05,
                    5.7414705224800855e-05,
                    -0.0
                ],
                [
                    1.8131495714187622,
                    0.21176594495773315,
                    -0.0012659012572839856,
                    1.0
                ]
            ],
            "location": [
                -0.21176594495773315,
                0.0012659012572839856,
                1.8131495714187622
            ],
            "location_worldframe": [
                1.8131495714187622,
                0.21176594495773315,
                -0.0012659012572839856
            ],
            "name": "Cookies_1",
            "projected_cuboid": [
                [
                    87.32402801513672,
                    481.50964736938477
                ],
                [
                    439.2686462402344,
                    478.54991912841797
                ],
                [
                    433.7816619873047,
                    -4.02216911315918
                ],
                [
                    80.22806167602539,
                    1.8207406997680664
                ],
                [
                    28.378944396972656,
                    542.0737838745117
                ],
                [
                    467.59159088134766,
                    538.8268661499023
                ],
                [
                    460.89542388916016,
                    -64.35665130615234
                ],
                [
                    19.174232482910156,
                    -56.611948013305664
                ],
                [
                    252.32782363891602,
                    240.40443420410156
                ]
            ],
            "provenance": "nvisii",
            "px_count_all": 0,
            "px_count_visib": 0,
            "quaternion_xyzw": [
                0.24751463532447815,
                -0.24749411642551422,
                0.25760260224342346,
                0.2475285530090332
            ],
            "quaternion_xyzw_worldframe": [
                0.005047278944402933,
                0.005061196628957987,
                0.0050267712213099,
                0.5000699758529663
            ],
            "segmentation_id": 7,
            "visibility": 1
        },
        {
            "bounding_box_minx_maxx_miny_maxy": [
                132,
                252,
                197,
                274
            ],
            "class": "2",
            "local_cuboid": null,