{
    "camera_data": {
        "camera_look_at": {
            "at": [
                1.0,
                0.0,
                0.0
            ],
            "eye": [
                0.0,
                0.0,
                0.0
            ],
            "up": [
                0.0,
                0.0,
                1.0
            ]
        },
        "camera_view_matrix": [
            [
                0.0,
                0.0,
                1.0,
                0.0
            ],
            [
                -1.0,
                0.0,
                0.0,
                0.0
            ],
            [
                0.0,
                -1.0,
                0.0,
                0.0
            ],
            [
                0.0,
                0.0,
                0.0,
                1.0
            ]
        ],
        "height": 480,
        "intrinsics": {
            "cx": 320.0,
            "cy": 240.0,
            "fx": 579.411376953125,
            "fy": 579.411376953125
        },
        "location_worldframe": [
            -0.0,
            0.0,
            -0.0
        ],
        "quaternion_xyzw_worldframe": [
            -0.5,
            0.5,
            -0.5,
            0.5
        ],
        "width": 640
    },
    "objects": [
        {
            "bounding_box_minx_maxx_miny_maxy": [
                0,
                217,
                1,
                158
            ],
            "class": "Logitech_Ultimate_Ears_Boom_Wireless_Speaker_Night_Black",
            "local_cuboid": null,
            "local_to_world_matrix": [
                [
                    0.858314037322998,
                    -0.274787038564682,
                    0.43334639072418213,
                    -0.0
                ],
                [
                    0.45524317026138306,
                    0.7974476218223572,
                    -0.3960188031196594,
                    0.0
                ],
                [
                    -0.23675018548965454,
                    0.5371865034103394,
                    0.8095554709434509,
                    -0.0
                ],
                [
                    0.34773823618888855,
                    0.10375954210758209,
                    0.07511761784553528,
                    1.0
                ]
            ],
            "location": [
                -0.10375954210758209,
                -0.07511761784553528,
                0.34773823618888855
            ],
            "location_worldframe": [
                0.34773823618888855,
                0.10375954210758209,
                0.07511761784553528
            ],
            "name": "google_Logitech_Ultimate_Ears_Boom_Wireless_Speaker_Night_Black_4",
            "projected_cuboid": [
                [
                    -33.52886199951172,
                    -380.5987358093262
                ],
                [
                    -259.26639556884766,
                    -517.9883193969727
                ],
                [
                    -337.32093811035156,
                    -291.89294815063477
                ],
                [
                    -121.71142578125,
                    -230.6601047515869
                ],
                [
                    245.0967788696289,
                    53.96597385406494
                ],
                [
                    160.19672393798828,
                    88.68885040283203
                ],
                [
                    35.996456146240234,
                    183.86981964111328
                ],
                [
                    138.32220077514648,
                    132.3466444015503
                ],
                [
                    2.232685089111328,
                    -90.25471687316895
                ]
            ],
            "provenance": "nvisii",
            "px_count_all": 0,
            "px_count_visib": 0,
            "quaternion_xyzw": [
                0.5280905365943909,
                -0.5826624035835266,
                0.15202300250530243,
                0.5987603068351746
            ],
            "quaternion_xyzw_worldframe": [
                -0.2506546080112457,
                -0.17998483777046204,
                -0.1960827261209488,
                0.9307681322097778
            ],
            "segmentation_id": 5,
            "visibility": 1
        },
        {
            "bounding_box_minx_maxx_miny_maxy": [
                0,
                190,
                1,
                480
            ],
            "class": "0",
            "local_cuboid": null,
            "local_to_world_matrix": [
                [
                    0.0038932734169065952,
                    0.0032902283128350973,
                    -0.008603301830589771,
                    -0.0
                ],
                [
                    -0.008754062466323376,
                    -0.0015835909871384501,
                    -0.0045671225525438786,
                    0.0
                ],
                [
                    -0.002865099348127842,
                    0.009309490211308002,
                    0.002263751346617937,
                    -0.0
                ],
                [
                    0.8274263739585876,
                    0.44089215993881226,
                    0.16512660682201385,
                    0.9999999403953552
                ]
            ],
            "location": [
                -0.44089215993881226,
                -0.16512660682201385,
                0.8274263739585876
            ],
            "location_worldframe": [
                0.8274263739585876,
                0.44089215993881226,
                0.16512660682201385
            ],
            "name": "BBQSauce_0",
            "projected_cuboid": [
                [
                    -6.178474426269531,
                    136.534423828125
                ],
                [
                    25.746841430664062,
                    -133.70149612426758
                ],
                [
                    24833.6767578125,
                    9218.321228027344
                ],
                [
                    -1195.3358459472656,
                    1204.5950317382812
                ],
                [
                    159.1063117980957,
                    178.53318214416504
                ],
                [
                    217.6488494873047,
                    -60.402116775512695
                ],
                [
                    245.54330825805664,
                    -39.05167579650879
                ],
                [
                    -39.69398498535156,
                    1032.2368240356445
                ],
                [
                    11.262054443359375,
                    124.36888217926025
                ]
            ],
            "provenance": "nvisii",
            "px_count_all": 0,
            "px_count_visib": 0,
            "quaternion_xyzw": [
                0.2426743060350418,
                -0.25560522079467773,
                0.2515453100204468,
                0.2524593472480774
            ],
            "quaternion_xyzw_worldframe": [
                -0.006922494154423475,
                0.002862562658265233,
                0.006008421070873737,
                0.5011420845985413
            ],
            "segmentation_id": 6,
            "visibility": 1
        },
        {
            "bounding_box_minx_maxx_miny_maxy": [
                153,
                454,
                1,
                243
            ],
            "class": "1",
            "local_cuboid": null,