{
    "camera_data": {
        "camera_look_at": {
            "at": [
                1.0,
                0.0,
                0.0
            ],
            "eye": [
                0.0,
                0.0,
                0.0
            ],
            "up": [
                0.0,
                0.0,
                1.0
            ]
        },
        "camera_view_matrix": [
            [
                0.0,
                0.0,
                1.0,
                0.0
            ],
            [
                -1.0,
                0.0,
                0.0,
                0.0
            ],
            [
                0.0,
                -1.0,
                0.0,
                0.0
            ],
            [
                0.0,
                0.0,
                0.0,
                1.0
            ]
        ],
        "height": 480,
        "intrinsics": {
            "cx": 320.0,
            "cy": 240.0,
            "fx": 579.411376953125,
            "fy": 579.411376953125
        },
        "location_worldframe": [
            -0.0,
            0.0,
            -0.0
        ],
        "quaternion_xyzw_worldframe": [
            -0.5,
            0.5,
            -0.5,
            0.5
        ],
        "width": 640
    },
    "objects": [
        {
            "bounding_box_minx_maxx_miny_maxy": [
                338,
                403,
                66,
                115
            ],
            "class": "Office_Depot_HP_71_Remanufactured_Ink_Cartridge_Black",
            "local_cuboid": null,
            "local_to_world_matrix": [
                [
                    0.6038685441017151,
                    -0.788105845451355,
                    0.11929778009653091,
                    -0.0
                ],
                [
                    0.19256412982940674,
                    0.2894774079322815,
                    0.937614917755127,
                    -0.0
                ],
                [
                    -0.773473858833313,
                    -0.5432236790657043,
                    0.32656723260879517,
                    -0.0
                ],
                [
                    1.303577184677124,
                    -0.07738876342773438,
                    0.3035750091075897,
                    1.0
                ]
            ],
            "location": [
                0.07738876342773438,
                -0.3035750091075897,
                1.303577184677124
            ],
            "location_worldframe": [
                1.303577184677124,
                -0.07738876342773438,
                0.3035750091075897
            ],
            "name": "google_Office_Depot_HP_71_Remanufactured_Ink_Cartridge_Black_0",
            "projected_cuboid": [
                [
                    405.69324493408203,
                    88.16276550292969
                ],
                [
                    376.2302017211914,
                    86.52058124542236
                ],
                [
                    368.6727523803711,
                    64.77745056152344
                ],
                [
                    398.22132110595703,
                    67.3148775100708
                ],
                [
                    371.9087219238281,
                    115.35299777984619
                ],
                [
                    343.17012786865234,
                    114.93756294250488
                ],
                [
                    336.3983917236328,
                    94.51948642730713
                ],
                [
                    365.19134521484375,
                    95.72656631469727
                ],
                [
                    370.3763198852539,
                    91.40257358551025
                ]
            ],
            "provenance": "nvisii",
            "px_count_all": 0,
            "px_count_visib": 0,
            "quaternion_xyzw": [
                0.9353066682815552,
                -0.1092623621225357,
                0.30660855770111084,
                0.13875970244407654
            ],
            "quaternion_xyzw_worldframe": [
                0.4969465732574463,
                -0.29960039258003235,
                -0.329097718000412,
                0.7449686527252197
            ],
            "segmentation_id": 1,
            "visibility": 1
        },
        {
            "bounding_box_minx_maxx_miny_maxy": [
                0,
                190,
                1,
                480
            ],
            "class": "0",
            "local_cuboid": null,
            "local_to_world_matrix": [
                [
                    0.0038099740631878376,
                    0.003354328917339444,
                    -0.008615832775831223,
                    -0.0
                ],
                [
                    -0.008780459873378277,
                    -0.0016063008224591613,
                    -0.004508140962570906,
                    0.0
                ],
                [
                    -0.002896141028031707,
                    0.009282686747610569,
                    0.002333258045837283,
                    -0.0
                ],
                [
                    0.8287215828895569,
                    0.4405924379825592,
                    0.16998381912708282,
                    1.0
                ]
            ],
            "location": [
                -0.4405924379825592,
                -0.16998381912708282,
                0.8287215828895569
            ],
            "location_worldframe": [
                0.8287215828895569,
                0.4405924379825592,
                0.16998381912708282
            ],
            "name": "BBQSauce_0",
            "projected_cuboid": [
                [
                    -7.283668518066406,
                    135.92894554138184
                ],
                [
                    27.513961791992188,
                    -133.25368881225586
                ],
                [
                    28398.330078125,
                    11393.350524902344
                ],
                [
                    -1219.8171997070312,
                    1195.7464599609375
                ],
                [
                    157.82106399536133,
                    179.07720565795898
                ],
                [
                    218.1686019897461,
                    -58.74712944030762
                ],
                [
                    264.4038772583008,
                    -72.73733139038086
                ],
                [
                    -43.41278076171875,
                    1026.4178466796875
                ],
                [
                    11.95413589477539,
                    121.15362167358398
                ]
            ],
            "provenance": "nvisii",
            "px_count_all": 0,
            "px_count_visib": 0,
            "quaternion_xyzw": [
                0.24267302453517914,
                -0.2556065320968628,
                0.2515801191329956,
                0.2524062395095825
            ],
            "quaternion_xyzw_worldframe": [
                -0.006879824213683605,
                0.0028533802833408117,
                0.006053677294403315,
                0.5011329650878906
            ],
            "segmentation_id": 6,
            "visibility": 1
        },
        {
            "bounding_box_minx_maxx_miny_maxy": [
                153,
                452,
                1,
                233
            ],
            "class": "1",
            "local_cuboid": null,