{
    "camera_data": {
        "camera_look_at": {
            "at": [
                1.0,
                0.0,
                0.0
            ],
            "eye": [
                0.0,
                0.0,
                0.0
            ],
            "up": [
                0.0,
                0.0,
                1.0
            ]
        },
        "camera_view_matrix": [
            [
                0.0,
                0.0,
                1.0,
                0.0
            ],
            [
                -1.0,
                0.0,
                0.0,
                0.0
            ],
            [
                0.0,
                -1.0,
                0.0,
                0.0
            ],
            [
                0.0,
                0.0,
                0.0,
                1.0
            ]
        ],
        "height": 480,
        "intrinsics": {
            "cx": 320.0,
            "cy": 240.0,
            "fx": 579.411376953125,
            "fy": 579.411376953125
        },
        "location_worldframe": [
            -0.0,
            0.0,
            -0.0
        ],
        "quaternion_xyzw_worldframe": [
            -0.5,
            0.5,
            -0.5,
            0.5
        ],
        "width": 640
    },
    "objects": [
        {
            "bounding_box_minx_maxx_miny_maxy": [
                302,
                355,
                86,
                143
            ],
            "class": "Office_Depot_HP_71_Remanufactured_Ink_Cartridge_Black",
            "local_cuboid": null,
            "local_to_world_matrix": [
                [
                    -0.8247503042221069,
                    0.5002985596656799,
                    -0.2636067271232605,
                    -0.0
                ],
                [
                    0.2909505367279053,
                    0.77513188123703,
                    0.5608195066452026,
                    -0.0
                ],
                [
                    0.4849070906639099,
                    0.3858395516872406,
                    -0.7848523855209351,
                    -0.0
                ],
                [
                    1.2595642805099487,
                    -0.04206707701086998,
                    0.326516717672348,
                    1.0
                ]
            ],
            "location": [
                0.04206707701086998,
                -0.326516717672348,
                1.2595642805099487
            ],
            "location_worldframe": [
                1.2595642805099487,
                -0.04206707701086998,
                0.326516717672348
            ],
            "name": "google_Office_Depot_HP_71_Remanufactured_Ink_Cartridge_Black_0",
            "projected_cuboid": [
                [
                    317.6288032531738,
                    145.01076221466064
                ],
                [
                    336.2976837158203,
                    140.25170803070068
                ],
                [
                    319.4550895690918,
                    129.2701005935669
                ],
                [
                    300.0714683532715,
                    133.37027549743652
                ],
                [
                    339.1019058227539,
                    96.65850162506104
                ],
                [
                    357.41363525390625,
                    94.35284614562988
                ],
                [
                    339.5964050292969,
                    83.40816020965576
                ],
                [
                    320.47645568847656,
                    85.05583763122559
                ],
                [
                    328.73477935791016,
                    113.86685371398926
                ]
            ],
            "provenance": "nvisii",
            "px_count_all": 0,
            "px_count_visib": 0,
            "quaternion_xyzw": [
                -0.3793461322784424,
                0.3371097445487976,
                0.7978134751319885,
                0.3254954218864441
            ],
            "quaternion_xyzw_worldframe": [
                0.21504083275794983,
                0.9198824167251587,
                0.2572772204875946,
                0.20342649519443512
            ],
            "segmentation_id": 1,
            "visibility": 1
        },
        {
            "bounding_box_minx_maxx_miny_maxy": [
                0,
                190,
                1,
                480
            ],
            "class": "0",
            "local_cuboid": null,
            "local_to_world_matrix": [
                [
                    0.003820518497377634,
                    0.003353373147547245,
                    -0.008611534722149372,
                    -0.0
                ],
                [
                    -0.008775538764894009,
                    -0.0016048639081418514,
                    -0.004518220666795969,
                    0.0
                ],
                [
                    -0.00289716268889606,
                    0.009283280931413174,
                    0.0023296240251511335,
                    -0.0
                ],
                [
                    0.8284764885902405,
                    0.44073420763015747,
                    0.16960014402866364,
                    1.0
                ]
            ],
            "location": [
                -0.44073420763015747,
                -0.16960014402866364,
                0.8284764885902405
            ],
            "location_worldframe": [
                0.8284764885902405,
                0.44073420763015747,
                0.16960014402866364
            ],
            "name": "BBQSauce_0",
            "projected_cuboid": [
                [
                    -7.3520660400390625,
                    135.7498025894165
                ],
                [
                    27.258453369140625,
                    -133.5999584197998
                ],
                [
                    27642.02880859375,
                    10996.506958007812
                ],
                [
                    -1217.5430297851562,
                    1196.594009399414
                ],
                [
                    157.79998779296875,
                    178.8658046722412
                ],
                [
                    218.08021545410156,
                    -59.06682014465332
                ],
                [
                    262.9925346374512,
                    -67.37729072570801
                ],
                [
                    -43.256378173828125,
                    1026.8286895751953
                ],
                [
                    11.763858795166016,
                    121.38679504394531
                ]
            ],
            "provenance": "nvisii",
            "px_count_all": 0,
            "px_count_visib": 0,
            "quaternion_xyzw": [
                0.24267426133155823,
                -0.25561007857322693,
                0.25157567858695984,
                0.25241008400917053
            ],
            "quaternion_xyzw_worldframe": [
                -0.006885121110826731,
                0.002850714372470975,
                0.006050719879567623,
                0.5011350512504578
            ],
            "segmentation_id": 6,
            "visibility": 1
        },
        {
            "bounding_box_minx_maxx_miny_maxy": [
                153,
                452,
                1,
                232
            ],
            "class": "1",
            "local_cuboid": null,