{
    "camera_data": {
        "camera_look_at": {
            "at": [
                1.0,
                0.0,
                0.0
            ],
            "eye": [
                0.0,
                0.0,
                0.0
            ],
            "up": [
                0.0,
                0.0,
                1.0
            ]
        },
        "camera_view_matrix": [
            [
                0.0,
                0.0,
                1.0,
                0.0
            ],
            [
                -1.0,
                0.0,
                0.0,
                0.0
            ],
            [
                0.0,
                -1.0,
                0.0,
                0.0
            ],
            [
                0.0,
                0.0,
                0.0,
                1.0
            ]
        ],
        "height": 480,
        "intrinsics": {
            "cx": 320.0,
            "cy": 240.0,
            "fx": 579.411376953125,
            "fy": 579.411376953125
        },
        "location_worldframe": [
            -0.0,
            0.0,
            -0.0
        ],
        "quaternion_xyzw_worldframe": [
            -0.5,
            0.5,
            -0.5,
            0.5
        ],
        "width": 640
    },
    "objects": [
        {
            "bounding_box_minx_maxx_miny_maxy": [
                282,
                345,
                21,
                88
            ],
            "class": "Office_Depot_HP_71_Remanufactured_Ink_Cartridge_Black",
            "local_cuboid": null,
            "local_to_world_matrix": [
                [
                    0.21311670541763306,
                    0.8780536651611328,
                    -0.42848944664001465,
                    -0.0
                ],
                [
                    -0.37415552139282227,
                    -0.33178573846817017,
                    -0.8659826517105103,
                    0.0
                ],
                [
                    -0.9025458693504333,
                    0.3448770344257355,
                    0.25781959295272827,
                    -0.0
                ],
                [
                    1.2098230123519897,
                    -0.00995209813117981,
                    0.3527187407016754,
                    1.0
                ]
            ],
            "location": [
                0.00995209813117981,
                -0.3527187407016754,
                1.2098230123519897
            ],
            "location_worldframe": [
                1.2098230123519897,
                -0.00995209813117981,
                0.3527187407016754
            ],
            "name": "google_Office_Depot_HP_71_Remanufactured_Ink_Cartridge_Black_0",
            "projected_cuboid": [
                [
                    280.35289764404297,
                    40.533928871154785
                ],
                [
                    319.3249320983887,
                    17.88311004638672
                ],
                [
                    328.24764251708984,
                    37.34021186828613
                ],
                [
                    288.4609794616699,
                    60.05521774291992
                ],
                [
                    302.88042068481445,
                    72.03022956848145
                ],
                [
                    338.77960205078125,
                    51.84074878692627
                ],
                [
                    347.2164535522461,
                    70.1042890548706
                ],
                [
                    310.62936782836914,
                    90.33200740814209
                ],
                [
                    314.7789764404297,
                    55.75879096984863
                ]
            ],
            "provenance": "nvisii",
            "px_count_all": 0,
            "px_count_visib": 0,
            "quaternion_xyzw": [
                -0.19906634092330933,
                -0.9548013210296631,
                0.16547295451164246,
                0.14610207080841064
            ],
            "quaternion_xyzw_worldframe": [
                -0.5672484040260315,
                -0.22208000719547272,
                0.5866192579269409,
                0.5336549878120422
            ],
            "segmentation_id": 1,
            "visibility": 1
        },
        {
            "bounding_box_minx_maxx_miny_maxy": [
                0,
                189,
                1,
                480
            ],
            "class": "0",
            "local_cuboid": null,
            "local_to_world_matrix": [
                [
                    0.0038748441729694605,
                    0.0032879479695111513,
                    -0.008612491190433502,
                    -0.0
                ],
                [
                    -0.008747668005526066,
                    -0.0016369075747206807,
                    -0.004560577683150768,
                    0.0
                ],
                [
                    -0.002909277565777302,
                    0.009301073849201202,
                    0.002241909969598055,
                    -0.0
                ],
                [
                    0.8267094492912292,
                    0.4395909011363983,
                    0.1668221801519394,
                    1.0
                ]
            ],
            "location": [
                -0.4395909011363983,
                -0.1668221801519394,
                0.8267094492912292
            ],
            "location_worldframe": [
                0.8267094492912292,
                0.4395909011363983,
                0.1668221801519394
            ],
            "name": "BBQSauce_0",
            "projected_cuboid": [
                [
                    -7.664451599121094,
                    136.1843204498291
                ],
                [
                    24.245948791503906,
                    -134.6180820465088
                ],
                [
                    23122.94677734375,
                    8810.233154296875
                ],
                [
                    -1193.3842468261719,
                    1208.4233093261719
                ],
                [
                    158.06453704833984,
                    178.01931381225586
                ],
                [
                    216.4825439453125,
                    -61.13705635070801
                ],
                [
                    271.3612937927246,
                    -50.6440544128418
                ],
                [
                    -31.436424255371094,
                    1028.2427215576172
                ],
                [
                    11.906318664550781,
                    123.08023452758789
                ]
            ],
            "provenance": "nvisii",
            "px_count_all": 0,
            "px_count_visib": 0,
            "quaternion_xyzw": [
                0.24267688393592834,
                -0.2555966079235077,
                0.25152650475502014,
                0.25243744254112244
            ],
            "quaternion_xyzw_worldframe": [
                -0.006915353238582611,
                0.002845240756869316,
                0.0060043735429644585,
                0.5011187195777893
            ],
            "segmentation_id": 6,
            "visibility": 1
        },
        {
            "bounding_box_minx_maxx_miny_maxy": [
                155,
                452,
                1,
                235
            ],
            "class": "1",
            "local_cuboid": null,