{
    "camera_data": {
        "camera_look_at": {
            "at": [
                1.0,
                0.0,
                0.0
            ],
            "eye": [
                0.0,
                0.0,
                0.0
            ],
            "up": [
                0.0,
                0.0,
                1.0
            ]
        },
        "camera_view_matrix": [
            [
                0.0,
                0.0,
                1.0,
                0.0
            ],
            [
                -1.0,
                0.0,
                0.0,
                0.0
            ],
            [
                0.0,
                -1.0,
                0.0,
                0.0
            ],
            [
                0.0,
                0.0,
                0.0,
                1.0
            ]
        ],
        "height": 480,
        "intrinsics": {
            "cx": 320.0,
            "cy": 240.0,
            "fx": 579.411376953125,
            "fy": 579.411376953125
        },
        "location_worldframe": [
            -0.0,
            0.0,
            -0.0
        ],
        "quaternion_xyzw_worldframe": [
            -0.5,
            0.5,
            -0.5,
            0.5
        ],
        "width": 640
    },
    "objects": [
        {
            "bounding_box_minx_maxx_miny_maxy": [
                288,
                347,
                15,
                76
            ],
            "class": "Office_Depot_HP_71_Remanufactured_Ink_Cartridge_Black",
            "local_cuboid": null,
            "local_to_world_matrix": [
                [
                    -0.14856941998004913,
                    0.7798033356666565,
                    0.6081396341323853,
                    -0.0
                ],
                [
                    -0.6640318036079407,
                    -0.5343682169914246,
                    0.5229840874671936,
                    0.0
                ],
                [
                    0.732795238494873,
                    -0.3261246383190155,
                    0.5972051620483398,
                    -0.0
                ],
                [
                    1.164188265800476,
                    0.020829228684306145,
                    0.372356653213501,
                    1.0
                ]
            ],
            "location": [
                -0.020829228684306145,
                -0.372356653213501,
                1.164188265800476
            ],
            "location_worldframe": [
                1.164188265800476,
                0.020829228684306145,
                0.372356653213501
            ],
            "name": "google_Office_Depot_HP_71_Remanufactured_Ink_Cartridge_Black_0",
            "projected_cuboid": [
                [
                    306.3599967956543,
                    30.649852752685547
                ],
                [
                    337.01454162597656,
                    56.55025005340576
                ],
                [
                    350.06919860839844,
                    39.26814079284668
                ],
                [
                    318.7139129638672,
                    12.480840682983398
                ],
                [
                    286.46339416503906,
                    49.912476539611816
                ],
                [
                    319.5543670654297,
                    77.48319625854492
                ],
                [
                    333.07605743408203,
                    59.51949119567871
                ],
                [
                    299.16521072387695,
                    30.938315391540527
                ],
                [
                    319.127197265625,
                    44.44622039794922
                ]
            ],
            "provenance": "nvisii",
            "px_count_all": 0,
            "px_count_visib": 0,
            "quaternion_xyzw": [
                0.05095446854829788,
                -0.36194753646850586,
                0.8711462020874023,
                -0.32787492871284485
            ],
            "quaternion_xyzw_worldframe": [
                0.4440140128135681,
                0.06518463790416718,
                0.7550070881843567,
                0.4780866205692291
            ],
            "segmentation_id": 1,
            "visibility": 1
        },
        {
            "bounding_box_minx_maxx_miny_maxy": [
                0,
                189,
                1,
                480
            ],
            "class": "0",
            "local_cuboid": null,
            "local_to_world_matrix": [
                [
                    0.0038790132384747267,
                    0.0033008167520165443,
                    -0.00860568881034851,
                    -0.0
                ],
                [
                    -0.008750490844249725,
                    -0.0016139601357281208,
                    -0.004563336726278067,
                    0.0
                ],
                [
                    -0.002895197831094265,
                    0.00930052436888218,
                    0.002262319205328822,
                    -0.0
                ],
                [
                    0.8266741633415222,
                    0.4406585991382599,
                    0.16610701382160187,
                    1.0
                ]
            ],
            "location": [
                -0.4406585991382599,
                -0.16610701382160187,
                0.8266741633415222
            ],
            "location_worldframe": [
                0.8266741633415222,
                0.4406585991382599,
                0.16610701382160187
            ],
            "name": "BBQSauce_0",
            "projected_cuboid": [
                [
                    -7.446746826171875,
                    136.16812705993652
                ],
                [
                    24.80327606201172,
                    -134.38854217529297
                ],
                [
                    23093.18359375,
                    8712.869567871094
                ],
                [
                    -1199.8063659667969,
                    1208.250617980957
                ],
                [
                    158.13665390014648,
                    178.27508926391602
                ],
                [
                    216.88861846923828,
                    -60.71256637573242
                ],
                [
                    259.18235778808594,
                    -44.414777755737305
                ],
                [
                    -36.89777374267578,
                    1030.9491348266602
                ],
                [
                    11.144828796386719,
                    123.57650756835938
                ]
            ],
            "provenance": "nvisii",
            "px_count_all": 0,
            "px_count_visib": 0,
            "quaternion_xyzw": [
                0.2426767200231552,
                -0.2556050717830658,
                0.25153759121894836,
                0.25244179368019104
            ],
            "quaternion_xyzw_worldframe": [
                -0.0069162920117378235,
                0.002848803997039795,
                0.00601205974817276,
                0.5011305809020996
            ],
            "segmentation_id": 6,
            "visibility": 1
        },
        {
            "bounding_box_minx_maxx_miny_maxy": [
                154,
                453,
                1,
                238
            ],
            "class": "1",
            "local_cuboid": null,