{
    "camera_data": {
        "camera_look_at": {
            "at": [
                1.0,
                0.0,
                0.0
            ],
            "eye": [
                0.0,
                0.0,
                0.0
            ],
            "up": [
                0.0,
                0.0,
                1.0
            ]
        },
        "camera_view_matrix": [
            [
                0.0,
                0.0,
                1.0,
                0.0
            ],
            [
                -1.0,
                0.0,
                0.0,
                0.0
            ],
            [
                0.0,
                -1.0,
                0.0,
                0.0
            ],
            [
                0.0,
                0.0,
                0.0,
                1.0
            ]
        ],
        "height": 480,
        "intrinsics": {
            "cx": 320.0,
            "cy": 240.0,
            "fx": 579.411376953125,
            "fy": 579.411376953125
        },
        "location_worldframe": [
            -0.0,
            0.0,
            -0.0
        ],
        "quaternion_xyzw_worldframe": [
            -0.5,
            0.5,
            -0.5,
            0.5
        ],
        "width": 640
    },
    "objects": [
        {
            "bounding_box_minx_maxx_miny_maxy": [
                400,
                639,
                1,
                200
            ],
            "class": "Olive_Kids_Birdie_Lunch_Box",
            "local_cuboid": null,
            "local_to_world_matrix": [
                [
                    0.237591952085495,
                    0.3694054186344147,
                    0.8983816504478455,
                    -0.0
                ],
                [
                    0.7865869998931885,
                    -0.6158232092857361,
                    0.04519423842430115,
                    0.0
                ],
                [
                    0.569939374923706,
                    0.6959176063537598,
                    -0.43688422441482544,
                    -0.0
                ],
                [
                    0.5922554135322571,
                    -0.2934373617172241,
                    0.22768905758857727,
                    1.0
                ]
            ],
            "location": [
                0.2934373617172241,
                -0.22768905758857727,
                0.5922554135322571
            ],
            "location_worldframe": [
                0.5922554135322571,
                -0.2934373617172241,
                0.22768905758857727
            ],
            "name": "google_Olive_Kids_Birdie_Lunch_Box_2",
            "projected_cuboid": [
                [
                    371.4162826538086,
                    32.82063961029053
                ],
                [
                    465.65452575683594,
                    229.1280698776245
                ],
                [
                    500.18524169921875,
                    226.6144037246704
                ],
                [
                    412.8709411621094,
                    50.74298858642578
                ],
                [
                    530.4353713989258,
                    -103.65723609924316
                ],
                [
                    666.2710571289062,
                    122.1302604675293
                ],
                [
                    680.7563781738281,
                    133.5426950454712
                ],
                [
                    560.1114654541016,
                    -65.78350067138672
                ],
                [
                    513.6920928955078,
                    79.1460657119751
                ]
            ],
            "provenance": "nvisii",
            "px_count_all": 0,
            "px_count_visib": 0,
            "quaternion_xyzw": [
                -0.16267256438732147,
                0.4342440664768219,
                0.7043683528900146,
                -0.5374336242675781
            ],
            "quaternion_xyzw_worldframe": [
                0.7566867470741272,
                0.38192567229270935,
                0.4851152300834656,
                -0.2149909883737564
            ],
            "segmentation_id": 3,
            "visibility": 1
        },
        {
            "bounding_box_minx_maxx_miny_maxy": [
                0,
                187,
                1,
                480
            ],
            "class": "0",
            "local_cuboid": null,
            "local_to_world_matrix": [
                [
                    0.003949230536818504,
                    0.002982336562126875,
                    -0.008689605630934238,
                    -0.0
                ],
                [
                    -0.008741237223148346,
                    -0.0016911413986235857,
                    -0.0045531089417636395,
                    0.0
                ],
                [
                    -0.0028274250216782093,
                    0.009393919259309769,
                    0.001939060864970088,
                    -0.0
                ],
                [
                    0.8269423842430115,
                    0.4378413259983063,
                    0.16661882400512695,
                    1.0
                ]
            ],
            "location": [
                -0.4378413259983063,
                -0.16661882400512695,
                0.8269423842430115
            ],
            "location_worldframe": [
                0.8269423842430115,
                0.4378413259983063,
                0.16661882400512695
            ],
            "name": "BBQSauce_0",
            "projected_cuboid": [
                [
                    -4.7275543212890625,
                    140.14592170715332
                ],
                [
                    17.663860321044922,
                    -132.6866054534912
                ],
                [
                    23649.16259765625,
                    8672.588195800781
                ],
                [
                    -1130.877685546875,
                    1209.7180938720703
                ],
                [
                    161.45132064819336,
                    176.87261581420898
                ],
                [
                    211.99169158935547,
                    -65.50386428833008
                ],
                [
                    259.1159248352051,
                    -108.1691837310791
                ],
                [
                    -2.3264694213867188,
                    1018.3836364746094
                ],
                [
                    13.218955993652344,
                    123.25565814971924
                ]
            ],
            "provenance": "nvisii",
            "px_count_all": 0,
            "px_count_visib": 0,
            "quaternion_xyzw": [
                0.24265740811824799,
                -0.25546586513519287,
                0.2514319121837616,
                0.25254127383232117
            ],
            "quaternion_xyzw_worldframe": [
                -0.0069589256308972836,
                0.0029249584767967463,
                0.005849524401128292,
                0.50104820728302
            ],
            "segmentation_id": 6,
            "visibility": 1
        },
        {
            "bounding_box_minx_maxx_miny_maxy": [
                156,
                448,
                1,
                241
            ],
            "class": "1",
            "local_cuboid": null,