{
    "camera_data": {
        "camera_look_at": {
            "at": [
                1.0,
                0.0,
                0.0
            ],
            "eye": [
                0.0,
                0.0,
                0.0
            ],
            "up": [
                0.0,
                0.0,
                1.0
            ]
        },
        "camera_view_matrix": [
            [
                0.0,
                0.0,
                1.0,
                0.0
            ],
            [
                -1.0,
                0.0,
                0.0,
                0.0
            ],
            [
                0.0,
                -1.0,
                0.0,
                0.0
            ],
            [
                0.0,
                0.0,
                0.0,
                1.0
            ]
        ],
        "height": 480,
        "intrinsics": {
            "cx": 320.0,
            "cy": 240.0,
            "fx": 579.411376953125,
            "fy": 579.411376953125
        },
        "location_worldframe": [
            -0.0,
            0.0,
            -0.0
        ],
        "quaternion_xyzw_worldframe": [
            -0.5,
            0.5,
            -0.5,
            0.5
        ],
        "width": 640
    },
    "objects": [
        {
            "bounding_box_minx_maxx_miny_maxy": [
                352,
                595,
                25,
                219
            ],
            "class": "Olive_Kids_Birdie_Lunch_Box",
            "local_cuboid": null,
            "local_to_world_matrix": [
                [
                    -0.14871585369110107,
                    0.982326090335846,
                    0.11366132646799088,
                    -0.0
                ],
                [
                    -0.9845544695854187,
                    -0.13634534180164337,
                    -0.10982844978570938,
                    0.0
                ],
                [
                    -0.09239016473293304,
                    -0.12823902070522308,
                    0.9874303936958313,
                    -0.0
                ],
                [
                    0.6918382048606873,
                    -0.16610334813594818,
                    0.03276984766125679,
                    1.0
                ]
            ],
            "location": [
                0.16610334813594818,
                -0.03276984766125679,
                0.6918382048606873
            ],
            "location_worldframe": [
                0.6918382048606873,
                -0.16610334813594818,
                0.03276984766125679
            ],
            "name": "google_Olive_Kids_Birdie_Lunch_Box_2",
            "projected_cuboid": [
                [
                    365.21060943603516,
                    21.719627380371094
                ],
                [
                    567.1824645996094,
                    57.025251388549805
                ],
                [
                    618.8417053222656,
                    38.35397243499756
                ],
                [
                    386.30802154541016,
                    -4.1196441650390625
                ],
                [
                    341.9868850708008,
                    196.9907569885254
                ],
                [
                    539.9321365356445,
                    222.26391792297363
                ],
                [
                    585.876579284668,
                    229.44215297698975
                ],
                [
                    358.6321258544922,
                    200.5118751525879
                ],
                [
                    472.1641540527344,
                    122.39965438842773
                ]
            ],
            "provenance": "nvisii",
            "px_count_all": 0,
            "px_count_visib": 0,
            "quaternion_xyzw": [
                -0.0076738037168979645,
                -0.7390102744102478,
                0.6671033501625061,
                -0.09369117021560669
            ],
            "quaternion_xyzw_worldframe": [
                0.007055211812257767,
                -0.07896213978528976,
                0.7537392973899841,
                0.6523743271827698
            ],
            "segmentation_id": 3,
            "visibility": 1
        },
        {
            "bounding_box_minx_maxx_miny_maxy": [
                0,
                187,
                1,
                480
            ],
            "class": "0",
            "local_cuboid": null,
            "local_to_world_matrix": [
                [
                    0.003930266946554184,
                    0.002898483769968152,
                    -0.008726498112082481,
                    -0.0
                ],
                [
                    -0.00879012979567051,
                    -0.001601658877916634,
                    -0.004490912426263094,
                    0.0
                ],
                [
                    -0.0026993711944669485,
                    0.009435753338038921,
                    0.0019183098338544369,
                    -0.0
                ],
                [
                    0.8302578926086426,
                    0.44378435611724854,
                    0.17137430608272552,
                    0.9999999403953552
                ]
            ],
            "location": [
                -0.44378435611724854,
                -0.17137430608272552,
                0.8302578926086426
            ],
            "location_worldframe": [
                0.8302578926086426,
                0.44378435611724854,
                0.17137430608272552
            ],
            "name": "BBQSauce_0",
            "projected_cuboid": [
                [
                    -1.8871688842773438,
                    141.29356384277344
                ],
                [
                    18.767108917236328,
                    -130.10971069335938
                ],
                [
                    34719.9365234375,
                    13009.541015625
                ],
                [
                    -1145.2534484863281,
                    1184.2581939697266
                ],
                [
                    163.28651428222656,
                    177.2146511077881
                ],
                [
                    211.90250396728516,
                    -65.2049732208252
                ],
                [
                    182.00942993164062,
                    -174.0164279937744
                ],
                [
                    -19.87010955810547,
                    1012.5786209106445
                ],
                [
                    10.296592712402344,
                    120.40316104888916
                ]
            ],
            "provenance": "nvisii",
            "px_count_all": 0,
            "px_count_visib": 0,
            "quaternion_xyzw": [
                0.24263645708560944,
                -0.25541698932647705,
                0.25147557258605957,
                0.25259220600128174
            ],
            "quaternion_xyzw_worldframe": [
                -0.0069485935382544994,
                0.0030071844812482595,
                0.0058319359086453915,
                0.5010606050491333
            ],
            "segmentation_id": 6,
            "visibility": 1
        },
        {
            "bounding_box_minx_maxx_miny_maxy": [
                149,
                451,
                1,
                231
            ],
            "class": "1",
            "local_cuboid": null,