{
    "camera_data": {
        "camera_look_at": {
            "at": [
                1.0,
                0.0,
                0.0
            ],
            "eye": [
                0.0,
                0.0,
                0.0
            ],
            "up": [
                0.0,
                0.0,
                1.0
            ]
        },
        "camera_view_matrix": [
            [
                0.0,
                0.0,
                1.0,
                0.0
            ],
            [
                -1.0,
                0.0,
                0.0,
                0.0
            ],
            [
                0.0,
                -1.0,
                0.0,
                0.0
            ],
            [
                0.0,
                0.0,
                0.0,
                1.0
            ]
        ],
        "height": 480,
        "intrinsics": {
            "cx": 320.0,
            "cy": 240.0,
            "fx": 579.411376953125,
            "fy": 579.411376953125
        },
        "location_worldframe": [
            -0.0,
            0.0,
            -0.0
        ],
        "quaternion_xyzw_worldframe": [
            -0.5,
            0.5,
            -0.5,
            0.5
        ],
        "width": 640
    },
    "objects": [
        {
            "bounding_box_minx_maxx_miny_maxy": [
                534,
                554,
                75,
                101
            ],
            "class": "Germanium_GE132",
            "local_cuboid": null,
            "local_to_world_matrix": [
                [
                    0.40720757842063904,
                    -0.8005576729774475,
                    -0.43964681029319763,
                    -0.0
                ],
                [
                    -0.9077085256576538,
                    -0.4080785810947418,
                    -0.09765861183404922,
                    0.0
                ],
                [
                    -0.10122907906770706,
                    0.4388384521007538,
                    -0.8928458094596863,
                    -0.0
                ],
                [
                    1.8797715902328491,
                    -0.7417058348655701,
                    0.5267894268035889,
                    1.0
                ]
            ],
            "location": [
                0.7417058348655701,
                -0.5267894268035889,
                1.8797715902328491
            ],
            "location_worldframe": [
                1.8797715902328491,
                -0.7417058348655701,
                0.5267894268035889
            ],
            "name": "google_Germanium_GE132_1",
            "projected_cuboid": [
                [
                    538.3580017089844,
                    102.76649951934814
                ],
                [
                    529.6138000488281,
                    95.52226066589355
                ],
                [
                    539.7858428955078,
                    93.74490737915039
                ],
                [
                    548.6196899414062,
                    101.16146564483643
                ],
                [
                    547.7698135375977,
                    82.35764980316162
                ],
                [
                    539.1508483886719,
                    74.95044708251953
                ],
                [
                    549.4852447509766,
                    72.73736000061035
                ],
                [
                    558.1892776489258,
                    80.32383441925049
                ],
                [
                    543.8476181030273,
                    87.95173645019531
                ]
            ],
            "provenance": "nvisii",
            "px_count_all": 0,
            "px_count_visib": 0,
            "quaternion_xyzw": [
                0.6715892553329468,
                0.31556692719459534,
                -0.011774688959121704,
                -0.6702587604522705
            ],
            "quaternion_xyzw_worldframe": [
                0.8228201270103455,
                -0.5190278887748718,
                -0.16433602571487427,
                -0.16300557553768158
            ],
            "segmentation_id": 2,
            "visibility": 1
        },
        {
            "bounding_box_minx_maxx_miny_maxy": [
                0,
                187,
                1,
                480
            ],
            "class": "0",
            "local_cuboid": null,
            "local_to_world_matrix": [
                [
                    0.003928815945982933,
                    0.0028820110019296408,
                    -0.008732606656849384,
                    -0.0
                ],
                [
                    -0.008790384978055954,
                    -0.0016118485946208239,
                    -0.0044867671094834805,
                    0.0
                ],
                [
                    -0.0027006552554666996,
                    0.009439065121114254,
                    0.001900132279843092,
                    -0.0
                ],
                [
                    0.8301488757133484,
                    0.44401463866233826,
                    0.17167626321315765,
                    1.0
                ]
            ],
            "location": [
                -0.44401463866233826,
                -0.17167626321315765,
                0.8301488757133484
            ],
            "location_worldframe": [
                0.8301488757133484,
                0.44401463866233826,
                0.17167626321315765
            ],
            "name": "BBQSauce_0",
            "projected_cuboid": [
                [
                    -2.1178817749023438,
                    141.506609916687
                ],
                [
                    18.039779663085938,
                    -130.03915786743164
                ],
                [
                    34223.251953125,
                    12854.857177734375
                ],
                [
                    -1144.1415405273438,
                    1184.9956512451172
                ],
                [
                    163.1436538696289,
                    177.1437692642212
                ],
                [
                    211.30859375,
                    -65.44881820678711
                ],
                [
                    182.28565216064453,
                    -180.5500602722168
                ],
                [
                    -18.208465576171875,
                    1011.6055297851562
                ],
                [
                    10.095195770263672,
                    120.17669677734375
                ]
            ],
            "provenance": "nvisii",
            "px_count_all": 0,
            "px_count_visib": 0,
            "quaternion_xyzw": [
                0.24263563752174377,
                -0.25540784001350403,
                0.2514691948890686,
                0.2525935769081116
            ],
            "quaternion_xyzw_worldframe": [
                -0.006948280613869429,
                0.0030096364207565784,
                0.005823931191116571,
                0.5010531544685364
            ],
            "segmentation_id": 6,
            "visibility": 1
        },
        {
            "bounding_box_minx_maxx_miny_maxy": [
                149,
                452,
                1,
                230
            ],
            "class": "1",
            "local_cuboid": null,