{
    "camera_data": {
        "camera_look_at": {
            "at": [
                1.0,
                0.0,
                0.0
            ],
            "eye": [
                0.0,
                0.0,
                0.0
            ],
            "up": [
                0.0,
                0.0,
                1.0
            ]
        },
        "camera_view_matrix": [
            [
                0.0,
                0.0,
                1.0,
                0.0
            ],
            [
                -1.0,
                0.0,
                0.0,
                0.0
            ],
            [
                0.0,
                -1.0,
                0.0,
                0.0
            ],
            [
                0.0,
                0.0,
                0.0,
                1.0
            ]
        ],
        "height": 480,
        "intrinsics": {
            "cx": 320.0,
            "cy": 240.0,
            "fx": 579.411376953125,
            "fy": 579.411376953125
        },
        "location_worldframe": [
            -0.0,
            0.0,
            -0.0
        ],
        "quaternion_xyzw_worldframe": [
            -0.5,
            0.5,
            -0.5,
            0.5
        ],
        "width": 640
    },
    "objects": [
        {
            "bounding_box_minx_maxx_miny_maxy": [
                561,
                579,
                81,
                95
            ],
            "class": "Germanium_GE132",
            "local_cuboid": null,
            "local_to_world_matrix": [
                [
                    0.378264844417572,
                    0.24420654773712158,
                    -0.8929047584533691,
                    -0.0
                ],
                [
                    0.5170256495475769,
                    0.7443678975105286,
                    0.42261189222335815,
                    -0.0
                ],
                [
                    0.7678542733192444,
                    -0.621513843536377,
                    0.15530717372894287,
                    -0.0
                ],
                [
                    1.873079776763916,
                    -0.8006303310394287,
                    0.4935486316680908,
                    1.0
                ]
            ],
            "location": [
                0.8006303310394287,
                -0.4935486316680908,
                1.873079776763916
            ],
            "location_worldframe": [
                1.873079776763916,
                -0.8006303310394287,
                0.4935486316680908
            ],
            "name": "google_Germanium_GE132_1",
            "projected_cuboid": [
                [
                    578.1771087646484,
                    96.85229301452637
                ],
                [
                    583.6676025390625,
                    83.73171329498291
                ],
                [
                    570.7830429077148,
                    80.00743389129639
                ],
                [
                    565.4660797119141,
                    93.00703525543213
                ],
                [
                    571.4793395996094,
                    96.02763175964355
                ],
                [
                    577.0858001708984,
                    82.47908592224121
                ],
                [
                    563.8729095458984,
                    78.65199565887451
                ],
                [
                    558.44970703125,
                    92.07153797149658
                ],
                [
                    571.1251831054688,
                    87.87961006164551
                ]
            ],
            "provenance": "nvisii",
            "px_count_all": 0,
            "px_count_visib": 0,
            "quaternion_xyzw": [
                0.3203712999820709,
                0.11590990424156189,
                0.7801718711853027,
                0.5246512293815613
            ],
            "quaternion_xyzw_worldframe": [
                0.34590092301368713,
                0.5501808524131775,
                -0.09038027375936508,
                0.7546422481536865
            ],
            "segmentation_id": 2,
            "visibility": 1
        },
        {
            "bounding_box_minx_maxx_miny_maxy": [
                0,
                187,
                1,
                480
            ],
            "class": "0",
            "local_cuboid": null,
            "local_to_world_matrix": [
                [
                    0.003930630628019571,
                    0.002866043709218502,
                    -0.008737043477594852,
                    -0.0
                ],
                [
                    -0.008791865780949593,
                    -0.0016116005135700107,
                    -0.00448395311832428,
                    0.0
                ],
                [
                    -0.0026931827887892723,
                    0.009443968534469604,
                    0.0018863265868276358,
                    -0.0
                ],
                [
                    0.8302137851715088,
                    0.44407743215560913,
                    0.1719873696565628,
                    1.0
                ]
            ],
            "location": [
                -0.44407743215560913,
                -0.1719873696565628,
                0.8302137851715088
            ],
            "location_worldframe": [
                0.8302137851715088,
                0.44407743215560913,
                0.1719873696565628
            ],
            "name": "BBQSauce_0",
            "projected_cuboid": [
                [
                    -1.899261474609375,
                    141.6592025756836
                ],
                [
                    17.80660629272461,
                    -129.93538856506348
                ],
                [
                    34547.73681640625,
                    12983.511657714844
                ],
                [
                    -1142.3252868652344,
                    1184.1419219970703
                ],
                [
                    163.3511734008789,
                    177.05642223358154
                ],
                [
                    211.11907958984375,
                    -65.68256378173828
                ],
                [
                    179.3602752685547,
                    -186.65837287902832
                ],
                [
                    -17.484397888183594,
                    1010.8435821533203
                ],
                [
                    10.075607299804688,
                    119.96894359588623
                ]
            ],
            "provenance": "nvisii",
            "px_count_all": 0,
            "px_count_visib": 0,
            "quaternion_xyzw": [
                0.24263426661491394,
                -0.2554003596305847,
                0.2514666020870209,
                0.25259920954704285
            ],
            "quaternion_xyzw_worldframe": [
                -0.0069493637420237064,
                0.0030155961867421865,
                0.005816736724227667,
                0.5010502338409424
            ],
            "segmentation_id": 6,
            "visibility": 1
        },
        {
            "bounding_box_minx_maxx_miny_maxy": [
                149,
                452,
                1,
                230
            ],
            "class": "1",
            "local_cuboid": null,