{
    "camera_settings": [
        {
            "name": "camera",
            "intrinsic_settings": {
                "resX": 640,
                "resY": 480,
                "fx": 579.411376953125,
                "fy": 579.411376953125,
                "cx": 320.0,
                "cy": 240.0,
                "s": 0.0
            },
            "captured_image_size": {
                "width": 640,
                "height": 480
            }
        }
    ]
}